	ancestor	descendant	desc_seq_len	alignment_len	pfam	logP_perSamp
22	HRH2_CANLF/35-288	DRD2_BOVIN/51-427	377	388	PF00001	-2.7808251
21	PE2R4_HUMAN/34-329	NK1R_CAVPO/49-305	257	297	PF00001	-3.6492763
13	5HT2A_HUMAN/91-380	ADRB1_HUMAN/75-377	303	308	PF00001	-2.9106512
32	SSR1_HUMAN/75-323	CCKAR_HUMAN/58-370	313	315	PF00001	-3.0242007
10	US28_HCMVM/50-291	OPS1_DROME/67-329	263	278	PF00001	-3.4728034
7	CXCR4_BOVIN/56-303	UL33_HCMVM/50-306	257	268	PF00001	-3.3622303
11	OPS1_DROME/67-329	US28_HCMVM/50-291	242	278	PF00001	-3.4526167
8	NTR1_HUMAN/80-364	TA2R_HUMAN/41-308	268	295	PF00001	-3.6379917
31	OPS1_DROME/67-329	CXCR1_HUMAN/56-305	250	278	PF00001	-3.5320287
3	OL287_RAT/44-293	DRD1_HUMAN/40-331	292	306	PF00001	-3.5709794
35	CCR1_HUMAN/51-301	TRFR_HUMAN/42-320	279	292	PF00001	-3.1601954
27	OLF15_MOUSE/41-290	ACKR4_BOVIN/58-303	246	269	PF00001	-3.637453
28	SSR1_HUMAN/75-323	RYAR_DROME/122-383	262	267	PF00001	-3.0961611
33	CCKAR_HUMAN/58-370	SSR1_HUMAN/75-323	249	315	PF00001	-3.0208485
29	RYAR_DROME/122-383	SSR1_HUMAN/75-323	249	267	PF00001	-3.018294
1	A0A8R1I4B6_CAEJA/18-649	5HT7R_HUMAN/98-384	287	652	PF00001	-3.2833884
24	CXCR5_HUMAN/68-322	APJ_HUMAN/45-309	265	272	PF00001	-3.0756063
4	TRFR_HUMAN/42-320	FSHR_BOVIN/379-626	248	287	PF00001	-3.4002964
39	5HT1B_HUMAN/66-369	RYAR_DROME/122-383	262	319	PF00001	-3.270488
19	OLF15_MOUSE/41-290	S1PR1_HUMAN/62-311	250	275	PF00001	-3.6202855
36	APJ_HUMAN/45-309	A0A8R1I4B6_CAEJA/18-649	632	665	PF00001	-3.1829689
6	UL33_HCMVM/50-306	CXCR4_BOVIN/56-303	248	268	PF00001	-3.4264164
16	OPSB_HUMAN/51-303	MC3R_MOUSE/55-299	245	269	PF00001	-3.582374
18	S1PR1_HUMAN/62-311	OLF15_MOUSE/41-290	250	275	PF00001	-3.6902614
34	TRFR_HUMAN/42-320	CCR1_HUMAN/51-301	251	292	PF00001	-3.1854603
37	A0A8R1I4B6_CAEJA/18-649	APJ_HUMAN/45-309	265	665	PF00001	-3.423882
5	FSHR_BOVIN/379-626	TRFR_HUMAN/42-320	279	287	PF00001	-3.3670137
25	APJ_HUMAN/45-309	CXCR5_HUMAN/68-322	255	272	PF00001	-3.1055021
14	GP182_RAT/66-316	PE2R4_HUMAN/34-329	296	305	PF00001	-3.5479927
38	RYAR_DROME/122-383	5HT1B_HUMAN/66-369	304	319	PF00001	-3.1640487
2	DRD1_HUMAN/40-331	OL287_RAT/44-293	250	306	PF00001	-3.6246357
26	ACKR4_BOVIN/58-303	OLF15_MOUSE/41-290	250	269	PF00001	-3.6040914
9	TA2R_HUMAN/41-308	NTR1_HUMAN/80-364	285	295	PF00001	-3.6494
30	CXCR1_HUMAN/56-305	OPS1_DROME/67-329	263	278	PF00001	-3.5762846
23	DRD2_BOVIN/51-427	HRH2_CANLF/35-288	254	388	PF00001	-2.635575
17	MC3R_MOUSE/55-299	OPSB_HUMAN/51-303	253	269	PF00001	-3.5745196
0	5HT7R_HUMAN/98-384	A0A8R1I4B6_CAEJA/18-649	632	652	PF00001	-3.1208384
15	PE2R4_HUMAN/34-329	GP182_RAT/66-316	251	305	PF00001	-3.6879647
20	NK1R_CAVPO/49-305	PE2R4_HUMAN/34-329	296	297	PF00001	-3.5021057
12	ADRB1_HUMAN/75-377	5HT2A_HUMAN/91-380	290	308	PF00001	-2.9171512
